4;Todinho;Todinho@email.com;ScriptGuys
5;McMan;McMan@email.com;BigBrothers
6;PcTop;pctop@email.com;MobileMembers
7;NocNoc;NocNoc@email.com;HeavyLifters
8;Tilti;Tilti@email.com;ScriptGuys
9;TopDeMais;TopDeMais@email.com;BigBrothers
